CSS105	INTR PRG-ANIMTD STRY
	12463 A	5	T,Th	845-1045	UW1 121	GUNNERSON,KIM N.	30/30
CSS161	FUND OF COMPUTING
	12464 A	5	T,Th	1315-1513	UW1 041	NASH,ROB D	62/60
	12465 AA	LB	F	1100-1300	UW1 121	NASH,ROB D	31/30
	12466 AB	LB	F	1315-1513	UW1 121	NASH,ROB D	31/30
CSS162	PROG METHODOLOGY
	12467 A	5	M,W	1315-1513	UWBB 230	NASH,ROB D	33/36
		5	Th	1530-1730	UW1 121	OLSON,CLARK F
CSS198	SUPERVISED STUDY
	12468 A	5		to be arranged			0/40
	12469 B	5		to be arranged			18/40
CSS199	COMPUTING RESEARCH
	12470 A	5		to be arranged			0/40
	12471 B	5		to be arranged			0/40
CSS301	TECHNICAL WRITING
	12472 A	5	M,W	1530-1730	UW2 141	ANDERSON,LAURIE JOY	28/30
CSS342	MATH & COMPUTING
	12473 A	5	M,W	1745-1945	UW1 221	RAZMOV,VALENTIN N.	33/40
CSS343	DATA STRUCTURES/ALG
	12474 A	5	M,W	1530-1730	UW2 005	ZANDER,CAROL	26/28
	12475 B	5	T,Th	1745-1945	UW2 005	OLSON,CLARK F	19/28
CSS350	MGT PRINCIPLES
	12476 A	5	M,W	1745-1945	UW1 020	KRAEMER,SUSAN	35/40
CSS360	SOFTWARE ENGR
	12477 A	5	T,Th	1530-1730	UW1 221	ASUNCION,HAZELINE U	38/40
CSS370	ANALYSIS AND DESIGN
	12478 A	5	M,W	2000-2200	UW1 102	KOCHANSKI,MARK	30/36
CSS421	CMPT HW & O/S	(NW)
	12479 A	5	T,Th	1745-1945	UW1 370	ANDERSON,LAURIE JOY	5/15
CSS422	HARDWARE & COMP ORG
	12480 A	5	M,W	1530-1730	UW1 221	BERGER,ARNOLD S	18/20
CSS430	OPERATING SYSTEMS
	12481 A	5	T,Th	1530-1730	UW2 005	FUKUDA,MUNEHIRO	39/40
CSS451	3-D COMPUTER GRAPHIC
	20050 A	5	M,W	1745-1945	UW2 340	SUNG,KELVIN H.	30/40
CSS455	INTRO SCI COMPUTING
	12483 A	5	M,W	1315-1513	UW2 105	JACKELS,CHARLES F	4/30
CSS458	COMPUTER SIMULATION
	12484 A	5	T,Th	1530-1730	UW1 041	GUNNERSON,KIM N.	17/30
CSS473	ENTREPRENEURSHP SEM
	19975 A	5	T,Th	1745-1945	UW1 041	WEISBAND,BARRY D	6/15
CSS475	DATABASE SYSTEMS
	12485 A	5	T	1745-1945	UW1 051	VISWANATHAN,KALPANA	44/45
			Th	1745-1945	UW1 120
CSS480	HUMAN-COMP INTERACT
	12486 A	5	M,W	1745-1945	UW1 041	MCCARTHY,JOSEPH	38/40
CSS490	SPECIAL TOPICS
	12488 D	5	M,W	2000-2200	UW2 005	HOWBERT,JAMES JEFFRY	18/30
CSS497	COOPERATIVE EDUC
	12489 A	10		to be arranged			12/40
	12490 B	10		to be arranged			20/40
CSS498	INDEPENDENT STUDY
	12491 A	5		to be arranged			4/40
	12492 B	5		to be arranged			1/40
CSS499	UNDERGRAD RESEARCH
	12493 A	5		to be arranged			1/40
	12494 B	5		to be arranged			1/40
CSS502	DATA STRUC & OOP II
	12495 A	4	T,Th	1800-1940	UW1 102	ZANDER,CAROL	18/30
CSS507	SOFTWARE MODELING
	12496 A	2	T	2000-2200	UW1 121	ASUNCION,HAZELINE U	20/30
CSS543	ADVNCE PROG METHODS
	12497 A	5	T,Th	1745-1945	UW1 110	FUKUDA,MUNEHIRO	30/45
CSS572	EVID-BASED DESIGN
	19811 A	5	M,W	1745-1945	UW1 220	SOCHA,DAVID G	10/45
CSS590	SPECIAL TOPIC CMPTG
	12498 A	5	M,W	2000-2200	UW2 005	HOWBERT,JAMES JEFFRY	9/30
CSS595	CAPSTONE PROJECT I
	12499 A	5	T,Th	2000-2200	UW1 031	SOCHA,DAVID G	12/30
CSS600	INDEPDNT STDY/RSCH
	12500 A	5		to be arranged			1/10
	12501 B	5		to be arranged			1/10
CSS700	MASTERS THESIS
	12502 A	10		to be arranged			3/10
