CSS107	PROG-ANIMATED STORY
	12683 A	5	T,Th	845-1045	UW1 202	GUNNERSON,KIM N.	38/48
CSS161	FUND OF COMPUTING
	12684 A	5	M,W	1100-1300	UW2 105	NASH,ROB D	28/32
	12685 B	5	M,W	1530-1730	UW1 202	OLSON,CLARK F	25/32
	12686 C	5	M,W	2000-2200	UW1 102	ZANDER,CAROL	13/36
CSS162	PROG METHODOLOGY
	12687 A	5	M,W	1315-1513	UW2 005	NASH,ROB D	40/45
CSS198	SUPERVISED STUDY
	12688 A	5		to be arranged			0/40
	12689 B	5		to be arranged			2/40
	12690 C	2		to be arranged			3/30
CSS199	COMPUTING RESEARCH
	12691 A	5		to be arranged			1/40
	12692 B	5		to be arranged			0/40
CSS233	INTERACT MEDIA TECH
	20092 A	5	T,Th	1745-1945	UW1 221	STEWART,TIMOTHY C.	23/48
CSS290	TOPICS IN COMPUTING
	12694 B	2	F	845-1045	UW1 030	GRUENBAUM,PETER E	4/30
CSS301	TECHNICAL WRITING
	12695 A	5	T,Th	1315-1513	UW2 305	KOOL,NANCY L	11/30
	12696 B	5	T,Th	1530-1730	UW2 305	ANDERSON,LAURIE JOY	24/30
CSS342	MATH & COMPUTING
	12697 A	5	M,W	1745-1945	UW1 102	ZANDER,CAROL	35/45
CSS350	MGT PRINCIPLES
	12698 A	5	T,Th	1745-1945	UW2 141	RAZMOV,VALENTIN N.	44/41
CSS360	SOFTWARE ENGR
	12699 A	5	M,W	1530-1730	UW1 051	ASUNCION,HAZELINE U	39/25
CSS370	ANALYSIS AND DESIGN
	12700 A	5	T,Th	1530-1730	UW2 005	KOCHANSKI,MARK	37/36
CSS371	BUSINESS OF TECH
	12701 A	5	M,W	1745-1945	UWBB 230	GODEK,JOHN	28/18
CSS385	INTRO TO GAME DEV
	12702 A	5	M,W	1530-1730	UW2 141	SUNG,KELVIN H.	34/30
CSS390	SPECIAL TOPICS
	12703 A	5	M,W	2000-2200	UW1 202	BERNSTEIN,MORRIS	38/45
CSS411	CMPT & PUB POLICY
	12704 A	5	M,W	1315-1513	UW2 031	KOCHANSKI,MARK	36/30
CSS422	HARDWARE & COMP ORG
	12705 A	5	M,W	1745-1945	UW2 005	KIM,WOOYOUNG	52/50
CSS427	EMBEDDED SYSTEMS
	12706 A	5	M,W	1745-1945	UW1 110	HUSSEIN,RANIA	19/25
CSS432	NETWORK DESIGN
	12707 A	5	T,Th	1745-1945	UW2 240	WANG,FRANCIS C.	39/45
CSS458	COMPUTER SIMULATION
	12708 A	5	T,Th	1530-1730	UWBB 230	CHOUDHURY,NARAYANI	37/45
CSS490	SPECIAL TOPICS
	12710 A	5	T,Th	1530-1730	UW1 041	KIM,WOOYOUNG	12/45
CSS496	APPL CMPT SEMINAR
	12711 A	5	M,W	1745-1945	UW1 370	ANDERSON,LAURIE JOY	1/15
CSS497	COOPERATIVE EDUC
	12712 A	10		to be arranged			4/40
	12713 B	10		to be arranged			23/40
CSS498	INDEPENDENT STUDY
	12714 A	5		to be arranged			2/20
	12715 B	5		to be arranged			8/20
CSS499	UNDERGRAD RESEARCH
	12716 A	5		to be arranged			2/20
	12717 B	5		to be arranged			7/20
CSSSKL161	PROGRAMMING SKILLS
	12727 A	1	F	1100-1330	UW1 120	MCCARTHY,JOSEPH	28/32
	12728 B	1	F	1315-1545	UW1 121	OLSON,CLARK F	25/32
	12729 C	1	T	1745-2015	UW1 120	NASH,ROB D	12/36
CSSSKL162	PROG METHOD SKILLS
	12730 A	1	F	145-430	UW1 041	MCCARTHY,JOSEPH	42/48
CSS503	SYSTEMS PROGRAMMING
	12718 B	4	M,W	1800-1945	LBA 003	FUKUDA,MUNEHIRO	18/30
CSS508	SFTWRE TEST & QUAL
	12719 A	2	M	2000-2200	UW1 121	ASUNCION,HAZELINE U	22/30
CSS552	TOPICS IN RENDERING
	12720 A	5	M,W	1745-1945	UW1 051	SUNG,KELVIN H.	4/45
CSS555	EVAL SOFTWARE DESGN
	12721 A	5	T,Th	1745-1945	UW2 305	KOCHANSKI,MARK	23/45
CSS590	SPECIAL TOPIC CMPTG
	20076 A	5	M,W	2000-2200	UW1 110	ALI,MOHAMED	11/45
CSS596	CAPSTONE PROJECT II
	12723 A	5	T,Th	2000-2200	UW2 305	SOCHA,DAVID G	12/30
CSS600	INDEPDNT STDY/RSCH
	12724 A	5		to be arranged			1/10
	12725 B	5		to be arranged			0/10
CSS700	MASTERS THESIS
	12726 A	10		to be arranged			3/20
