CSS107	PROG-ANIMATED STORY
	21291 A	5	T,Th	845-1045	UW1 220	GUNNERSON,KIM N.	43/45
CSS161	FUND OF COMPUTING
	12813 A	5	M,W	1100-1300	UW1 041	KIM,JEFFREY Y.	42/45
	12814 B	5	M,W	1315-1513	UWBB 240	BENITEZ,JOSEPH P.	45/45
CSS162	PROG METHODOLOGY
	12815 A	5	T,Th	1315-1513	UW1 110	FERRACINA,FABIANA	34/45
	22634 B	5	M,W	1745-1945	UW2 205	STARK,MICHAEL M	8/30
CSS198	SUPERVISED STUDY
	12816 A	5		to be arranged			0/30
	12817 B	5		to be arranged			1/30
	21696 C	2		to be arranged	*	*	1/30
CSS199	COMPUTING RESEARCH
	12818 A	2		to be arranged			0/30
	12819 B	2		to be arranged			0/30
CSS205	WOMEN STEM: COLLEGE
	22593 A	1	Th	215-315	UW1 370	ASUNCION,HAZELINE U	2/12
CSS233	INTERACT MEDIA TECH
	21697 A	5	M,W	1315-1513	UW1 221	STARK,MICHAEL M	30/45
CSS290	TOPICS IN COMPUTING
	22545 A	2	W	1315-1513	UW1 361	GRUENBAUM,PETER E	4/6
CSS301	TECHNICAL WRITING
	12821 A	5	M,W	1530-1730	UW2 141	ANDERSON,LAURIE JOY	58/55
	12822 B	5	T,Th	1745-1945	UW1 060	KOOL,NANCY L	28/30
CSS332	PROG W/OO LANGS
	21283 A	2	T,Th	2000-2200	UW1 051	NASH,ROB D	31/45
CSS341	PROGRAM THEORY/APP
	12823 A	5	T,Th	1315-1513	UW2 221	JACKELS,CHARLES F	15/30
CSS342	MATH & COMPUTING
	12824 A	5	M,W	1745-1945	UW2 031	FUKUDA,MUNEHIRO	44/45
	12825 B	5	M,W	2000-2200	UW1 010	ZANDER,CAROL	34/40
	22585 C	5	M,W	2000-2200	UW1 102	SHIELDS,ROBERT C.	24/45
CSS343	DATA STRUCTURES/ALG
	12826 A	5	M,W	1530-1730	UW2 131	ZANDER,CAROL	33/30
	21285 B	5	T,Th	2000-2200	UW1 102	BERNSTEIN,MORRIS	20/40
CSS350	MGT PRINCIPLES
	12827 A	5	T,Th	1530-1730	UW1 010	ROBISON,DAVID F.	34/45
CSS360	SOFTWARE ENGR
	12828 A	5	M,W	1315-1513	UW1 030	SHIELDS,ROBERT C.	44/40
	21286 B	5	T,Th	1745-1945	UW1 102	SOCHA,DAVID G	45/40
	21287 C	5	T,Th	1530-1730	UW1 220	KOCHANSKI,MARK	41/45
CSS370	ANALYSIS AND DESIGN
	12829 A	5	M,W	1745-1945	UW2 131	RAZMOV,VALENTIN N.	33/45
CSS371	BUSINESS OF TECH
	21528 A	5	M,W	1745-1945	UW1 210	GODEK,JOHN	23/24
CSS383	BIOINFORMATICS	(NW)
	21526 A	5	T,Th	1100-1300	UWBB 230	KRAEMER,SUSAN M.	8/20
CSS390	SPECIAL TOPICS
	12830 A	5	T,Th	2000-2200	UW1 110	ZIMMERMAN,TERRY L	3/45
	12831 B	5	T,Th	1530-1730	UW2 340	ASUNCION,HAZELINE U	39/45
CSS405	WOMEN STEM: CAREER
	22594 A	1	Th	215-315	UW1 370	KIM,WOOYOUNG	7/12
CSS422	HARDWARE & COMP ORG
	12834 A	5	M,W	1530-1730	UW2 340	KIM,WOOYOUNG	40/40
CSS427	EMBEDDED SYSTEMS
	21281 A	5	M,W	1745-1945	UW1 120	FOLSOM,TYLER C.	15/36
CSS430	OPERATING SYSTEMS
	21289 A	5	M,W	1530-1730	UW2 240	FUKUDA,MUNEHIRO	38/40
CSS432	NETWORK DESIGN
	12836 A	5	T,Th	1530-1730	UW2 305	LAGESSE,BRENT J	31/40
CSS474	PRODUCT DEVEL LAB
	12839 A	5	T,Th	1745-1945	UW1 041	DATAR,ASEEM D.	16/15
CSS475	DATABASE SYSTEMS
	21282 A	5	T,Th	1745-1945	UW1 110	KOCHANSKI,MARK	39/45
CSS490	SPECIAL TOPICS
	22061 A	2	M	1745-1945	UW1 021	FERRACINA,FABIANA	9/45
CSS497	COOPERATIVE EDUC
	12840 A	10		to be arranged			1/30
	12841 B	10		to be arranged			40/30
CSS498	INDEPENDENT STUDY
	12842 A	5		to be arranged			0/30
	12843 B	5		to be arranged			9/30
CSS499	UNDERGRAD RESEARCH
	12844 A	5		to be arranged			2/30
	12845 B	5		to be arranged			1/30
CSS553	SOFTWARE ARCH
	22111 B	5	T,Th	2000-2200	UW1 060	ASUNCION,HAZELINE U	2/ 5
CSSSKL161	PROGRAMMING SKILLS
	12854 A	1	F	845-1115	UW1 110	FERRACINA,FABIANA	43/45
	12855 B	1	F	1130-200	UW1 110	NASH,ROB D	44/45
CSSSKL162	PROG METHOD SKILLS
	12856 A	1	F	1430-1700	UW1 110	NASH,ROB D	34/45
	22635 B	1	T	1745-2015	UW1 121	STARK,MICHAEL M	8/30
CSS390	SPECIAL TOPICS
	12832 C	2	T	1530-1730	UW1 202	ANDERSON,LAURIE JOY	4/30
CSS501	DATA STRUCT & OOP I
	12846 A	4	M,W	1800-1940	UW2 240	SUNG,KELVIN H.	29/45
CSS506	SOFT DEVL PROCESSES
	12847 A	2	M	2000-2200	UW2 240	BRECHNER,ERIC	30/45
CSS514	SECURITY PLCY/ETHICS
	21523 A	2	M	2000-2200	UW1 060	BEEBE,BRUCE M	13/30
CSS517	INFO ASSURNCE & SDL
	21521 A	5	M,W	1745-1945	UW2 340	THAMILARASU,GEETHAPRIYA	20/30
CSS553	SOFTWARE ARCH
	21525 A	5	T,Th	2000-2200	UW1 060	ASUNCION,HAZELINE U	21/25
CSS565	RSRCH METH SW DEV
	12849 A	5	T,Th	1745-1945	UW1 220	ERDLY,WILLIAM W	17/45
CSS587	ADV COMPUTER VISION
	21522 A	5	T,Th	1745-1945	UWBB 230	OLSON,CLARK F	7/30
CSS596	CAPSTONE PROJECT II
	12850 A	5	T,Th	2000-2200	UW2 205	ERDLY,WILLIAM W	7/30
CSS600	INDEPDNT STDY/RSCH
	12851 A	5		to be arranged			6/10
	12852 B	5		to be arranged			1/10
CSS700	MASTERS THESIS
	12853 A	10		to be arranged			3/10