CSS107	PROG-ANIMATED STORY	(VLPA,QSR)
	13006 A	5	T,Th	845-1045	DISC 258	GUNNERSON,KIM N.	16/30
CSS161	FUND OF COMPUTING	(NW,QSR)
	13007 A	5	M,W	1100-1300	UW1 041	NASH,ROB D	31/45
	13008 B	5	M,W	1315-1513	UW1 030	LEE,DANIELLE	7/45
CSS162	PROG METHODOLOGY	(NW,QSR)
	13009 A	5	T,Th	1315-1513	DISC 252	LIN,JOHNNY W	15/45
	13010 B	5	T,Th	1745-1945	DISC 162	SUNG,KELVIN H.	13/45
CSS198	SUPERVISED STUDY
	13011 A	5		to be arranged			0/30
	13012 B	5		to be arranged			0/30
CSS199	COMPUTING RESEARCH
	13014 A	2		to be arranged			0/30
	13015 B	2		to be arranged			0/30
CSS205	WOMEN STEM: COLLEGE	(I&S,DIV)
	13016 A	1	T	415-505	UW1 221	ANDERSON,LAURIE JOY	3/10
CSS295	K12 COMPUTING EDU	(QSR,DIV)
	22111 A	2	W	1315-1513		GRUENBAUM,PETER E	10/10
CSS301	TECHNICAL WRITING
	13018 A	5	T,Th	1100-1300	DISC 252	ANDERSON,LAURIE JOY	0/60
	13019 B	5	T,Th	1745-1945	UW1 060	KOOL,NANCY L	2/30
	13020 C	5	T,Th	1745-1945	DISC 252		0/30
CSS310	IA & CYBER SECURITY
	13021 A	5	M,W	2000-2200	UW1 051	KOCHANSKI,MARK	46/45
CSS332	PROG W/OO LANGS
	13022 A	2	F	115-515	UW2 005		0/90
CSS341	PROGRAM THEORY/APP
	22153 A	5	T,Th	1530-1730	UW1 202	KIM,JEFFREY Y.	9/45
CSS342	DATA, ALG, MATH I
	13023 A	5	M,W	1745-1945	UW2 005	KIM,WOOYOUNG	1/65
	13024 B	5	M,W	2000-2200	UW2 005	DIMPSEY,ROBERT T	0/65
CSS343	DATA, ALG, MATH II
	13025 A	5	M,W	1530-1730	UW1 202	CHEN,MIN	38/45
CSS350	MGT PRINCIPLES
	13026 A	5	T,Th	1530-1730	DISC 061	KOCHANSKI,MARK	35/60
CSS360	SOFTWARE ENGR
	13027 A	5	M,W	1315-1513	UW1 010	ASUNCION,HAZELINE U	10/45
	13028 B	5	T,Th	1745-1945	UW2 031	PHOENIX,MICHAEL	0/45
	13029 C	5	T,Th	1530-1730	UW2 131	SOCHA,DAVID G	1/45
CSS370	ANALYSIS AND DESIGN
	13030 A	5	M,W	1745-1945	DISC 252	ASUNCION,HAZELINE U	41/60
CSS371	BUSINESS OF TECH
	22295 A	5	M,W	1745-1945	UWBB 230	HAMILTON,NICOLE	18/15
	22084 B	5	M,WF	1145-105	DISC 061	MOURAD,PIERRE	2/ 2
CSS383	BIOINFORMATICS	(NW)
	13031 A	5	F	1315-1513	UW1 031	KRAEMER,SUSAN M.	9/20
		F	11315-1513	LBA 003		
CSS405	WOMEN STEM: CAREER	(I&S,DIV)
	22110 A	1	T	415-505	UW1 221	ANDERSON,LAURIE JOY	4/10
CSS422	HARDWARE & COMP ORG
	13032 A	5	M,W	1530-1730	DISC 162	KIM,WOOYOUNG	29/45
	13033 B	5	T,Th	1530-1730	UW2 031	NASH,ROB D	1/45
CSS430	OPERATING SYSTEMS
	13034 A	5	M,W	1530-1730	UW2 005	PARSONS,ERIKA F.	48/48
CSS455	INTRO SCI COMPUTING
	13036 A	5	T,Th	1530-1730	UW1 220	LIN,JOHNNY W	6/45
CSS457	MULTIMEDIA/SIGNALS
	13037 A	5	M,W	1100-1300	UW2 005	STIBER,MICHAEL D	31/45
CSS474	PRODUCT DEVEL LAB
	13038 A	5	T,Th	1745-1945	UW1 020		2/15
CSS475	DATABASE SYSTEMS
	13039 A	5	M,W	1745-1945	UW1 202	PARSONS,ERIKA F.	29/45
CSS490	SPECIAL TOPICS
	13040 A	5	M,W	1530-1730	UW2 340	BHARATI,SUDEEP	16/40
	13041 B	5	M,W	2000-2200	UW1 030	THAMILARASU,GEETHAPRIYA	0/20
	13042 C	5	T,Th	2000-2200	UW1 040	SUNG,KELVIN H.	27/45
	13043 D	5	T,Th	1745-1945	UW1 221	RAZMOV,VALENTIN N.	6/45
CSS497	CS & SE CAPSTONE
	13044 A	10		to be arranged			0/30
	13045 B	10		to be arranged			0/30
CSS498	INDEPENDENT STUDY
	13046 A	5		to be arranged			0/30
	13047 B	5		to be arranged			0/30
CSS499	UNDERGRAD RESEARCH
	13048 A	5		to be arranged			0/30
	13049 B	5		to be arranged			0/30
CSSSKL161	PROGRAMMING SKILLS
	13062 A	1	F	845-1115	UW1 102	FERRACINA,FABIANA	31/45
	13063 B	1	F	1130-200	UW1 102	FERRACINA,FABIANA	7/45
CSSSKL162	PROG METHOD SKILLS	(QSR)
	13064 A	1	F	1430-1700	UW1 102	RETIK,ARIEH A	15/45
	13065 B	1	T	300-530	UW2 105	RETIK,ARIEH A	13/48
CSSSKL509	TECH WRITING SKL
	13066 B	2	Th	2000-2200	UW1 031	ANDERSON,LAURIE JOY	0/15
CSS501	DATA STRUCT & OOP I
	13050 A	4	M,W	1800-1940	UW2 205	DIMPSEY,ROBERT T	0/30
	13051 B	4	T,Th	1800-1940	UW2 340	ZANDER,CAROL	0/30
CSS506	SOFT DEVL PROCESSES
	13052 A	2	M	2000-2200	UW1 031	BRECHNER,ERIC L.	0/30
	13053 B	2	T	2000-2200	UW1 031		0/30
CSS517	INFO ASSURNCE & SDL
	13054 A	5	M,W	1745-1945	LBA 003		0/30
CSS527	CRYPTO & DATA ASSUR
	13055 A	5	M,W	2000-2200	UW2 221	LAGESSE,BRENT J	0/30
CSS533	DISTRIBUTED COMP
	13056 A	5	T,Th	1745-1945	UW2 305	FUKUDA,MUNEHIRO	0/30
CSS572	EVID-BASED DESIGN
	13057 A	5	T,Th	2000-2200	UW2 205	SOCHA,DAVID G	0/30
CSS579	MALWARE REVERSE ENG
	22237 A	5	M,W	1745-1945	SSG CNSVTRY	LAGESSE,BRENT J	0/30
CSS590	SPECIAL TOPIC CMPTG
	13058 A	5	T,Th	1745-1945	LBA 003	THAMILARASU,GEETHAPRIYA	0/30
CSS593	CYBER SEC CAPSTONE
	22447 A	5		to be arranged	*	*	0/30
CSS595	CSSE CAPSTONE PROJ
	22236 A	5		to be arranged	*	*	0/30
CSS600	INDEPDNT STDY/RSCH
	13059 A	5		to be arranged			0/10
	13060 B	5		to be arranged			0/10
CSS601	INTERNSHIP
	22448 A	5		to be arranged	*	*	0/30
CSS700	MASTERS THESIS
	13061 A	10		to be arranged			0/10