CSS107	PROG-ANIMATED STORY	(VLPA,QSR)
	12958 A	5	M,W	1315-1513	UW1 121	GUNNERSON,KIM N.	32/32
CSS161	FUND OF COMPUTING	(NW,QSR)
	12959 A	5	M,W	1530-1730	UW2 031	THAMILARASU,GEETHAPRIYA	45/48
	12960 B	5	M,W	1100-1300	DISC 061	LIN,JOHNNY W	45/48
	12961 C	5	M,W	845-1045	UW1 121	NASH,ROB D	29/30
CSS162	PROG METHODOLOGY	(NW,QSR)
	12962 A	5	T,Th	1100-1300	UW1 041	LIN,JOHNNY W	27/48
	12963 B	5	M,W	1745-1945	UW1 110	NASH,ROB D	24/48
CSS198	SUPERVISED STUDY
	12964 A	5		to be arranged			1/40
	12965 B	5		to be arranged			0/40
CSS199	COMPUTING RESEARCH
	12966 A	5		to be arranged			0/40
	12967 B	5		to be arranged			0/40
CSS205	WOMEN STEM: COLLEGE	(I&S,DIV)
	12968 A	1	M	330-420	UW2 040	CHEN,MIN	3/15
CSS290	TOPICS IN COMPUTING
	21269 B	2	M	1530-1730	UW2 228	GRUENBAUM,PETER E	3/15
CSS301	TECHNICAL WRITING
	12970 A	5	F	1100-1300	LBA 003	ANDERSON,LAURIE JOY	29/30
	12971 B	5	T,Th	1315-1513	UW2 340	KOOL,NANCY L	29/30
	21570 C	5	M,W	845-1045	LBA 003	WACKER,ZORICA G.	27/30
CSS332	PROG W/OO LANGS
	12972 A	2	F	115-515	UW1 020	STIBER,MICHAEL D	31/45
CSS337	SECURE SYSTEMS
	12973 A	5	M,W	2000-2200 	UWBB 240	HEFFERNAN,RYAN W	47/48
CSS342	DATA, ALG, MATH I
	12974 A	5	M,W	1745-1945	UW1 220	DIMPSEY,ROBERT T	38/45
CSS343	DATA, ALG, MATH II
	12975 A	5	M,W	1530-1730	DISC 162	OLSON,CLARK F	81/85
CSS350	MGT PRINCIPLES
	12977 A	5	T,Th	1530-1730	UW2 005	KIM,JEFFREY Y.	13/60
	12978 B	5	T,Th	1315-1513	UW2 005	KIM,JEFFREY Y.	57/60
CSS360	SOFTWARE ENGR
	12979 A	5	T,Th	1530-1730	UW1 221	ASUNCION,HAZELINE U	37/45
	12980 B	5	T,Th	1745-1945	UW2 141	RAZMOV,VALENTIN N.	28/45
CSS370	ANALYSIS AND DESIGN
	12981 A	5	M,W	1315-1513	DISC 252	CHEN,MIN	54/60
	12982 B	5	T,Th	1745-1945	DISC 252	SOCHA,DAVID G	10/60
CSS405	WOMEN STEM: CAREER	(I&S,DIV)
	21430 A	1	M	330-420	UW2 040	CHEN,MIN	3/15
CSS421	CMPT HW & O/S	(NW)
	12984 A	5	T,Th	1745-1945	UW2 228	ANDERSON,LAURIE JOY	3/10
CSS422	HARDWARE & COMP ORG
	12985 A	5	T,Th	1530-1730	UW2 131	KIM,WOOYOUNG	30/45
CSS427	EMBEDDED SYSTEMS
	12986 A	5	M,W	1745-1945	DISC 258	FOLSOM,TYLER C.	35/45
	12987 AA	LB	F	230-530	DISC 256	FOLSOM,TYLER C.	18/16
	21645 AB	LB	F	230-530	DISC 258	FOLSOM,TYLER C.	17/30
CSS430	OPERATING SYSTEMS
	12988 A	5	M,W	1530-1730	UW2 141	DIMPSEY,ROBERT T	46/48
CSS451	3-D COMPUTER GRAPHIC
	12989 A	5	T,Th	1530-1730	DISC 061	RETIK,ARIEH A	23/45
CSS475	DATABASE SYSTEMS
	12990 A	5	M,W	1315-1513	UW1 041	KOCHANSKI,MARK	48/48
CSS490	SPECIAL TOPICS
	12992 A	5	T,Th	1745-1945	UW1 010	KIM,WOOYOUNG	6/10
	12994 C	5	M,W	2000-2200 	UW1 030	BERNSTEIN,MORRIS	36/45
	12995 D	5	T,Th	1745-1945	UW1 030	LEE,DANIELLE	43/48
CSS495	A CMPT INTERNSHIP
	21530 A	5		to be arranged	*	*	1/10
CSS497	COOPERATIVE EDUC
	12996 A	10		to be arranged			6/40
	12997 B	10		to be arranged			32/40
CSS498	INDEPENDENT STUDY
	12998 A	5		to be arranged			5/40
	12999 B	5		to be arranged			3/40
CSS499	UNDERGRAD RESEARCH
	13000 A	5		to be arranged			2/40
	13001 B	5		to be arranged			10/40
CSS534	PAR PROG GRID CLOUD
	21769 B	5	M,W	1745-1945	UW1 041	FUKUDA,MUNEHIRO	3/10
CSSSKL161	PROGRAMMING SKILLS
	13013 A	1	F	845-1115	UW1 040	PARSONS,ERIKA F.	47/48
	13014 B	1	F	1130-200	UW1 030	PARSONS,ERIKA F.	46/48
	13015 C	1	F	1130-200	UW1 120	FERRACINA,FABIANA	28/30
CSSSKL162	PROG METHOD SKILLS	(QSR)
	13016 A	1	F	215-445	UW1 030	RETIK,ARIEH A	33/48
	13017 B	1	T	1745-2015	DISC 162	RETIK,ARIEH A	18/48
CSSSKL509	TECH WRITING SKL
	21650 A	2	Th	2000-2200 	UWBB 260	KOOL,NANCY L	4/20
CSS502	DATA STRUC & OOP II
	13002 A	4	M,W	1800-1940	UW2 141	PHOENIX,MICHAEL	40/45
CSS507	SOFTWARE MODELING
	13003 A	2	M	2000-2200 	UW1 102	BRECHNER,ERIC L.	43/45
CSS534	PAR PROG GRID CLOUD
	13004 A	5	M,W	1745-1945	UW1 041	FUKUDA,MUNEHIRO	32/50
CSS537	NETWORK SECURITY
	13005 A	5	T,Th	2000-2200 	UW1 060	THAMILARASU,GEETHAPRIYA	11/30
CSS545	MOBILE COMPUTING
	13006 A	5	M,W	2000-2200 	UW1 060	SAMUEL,ARJMAND M	20/30
CSS577	SECURE SOFTWARE DEV
	13007 A	5	T,Th	1745-1945	UW1 041	LAGESSE,BRENT J	12/30
CSS590	SPECIAL TOPIC CMPTG
	13008 A	5	T,Th	1745-1945	UW1 010	KIM,WOOYOUNG	0/30
CSS595	CAPSTONE PROJECT I
	13009 A	5	T	2000-2200	UW1 031	SOCHA,DAVID G	7/30
CSS600	INDEPDNT STDY/RSCH
	13010 A	5		to be arranged			4/20
	13011 B	5		to be arranged			1/20
CSS601	INTERNSHIP
	20968 A	5		to be arranged			1/20
CSS700	MASTERS THESIS
	13012 A	10		to be arranged			4/20