Course,Time,Day,Cap,Quarter,Expertise
107,845-1045,T/Th,45,Autumn,Programming
107,1315-1515,T/Th,45,Winter,Programming
107,1315-1515,T/Th,45,Spring,Programming
161,1430-1650,M/W,30,Summer,Programming
162,1800-2020,M/W,30,Summer,Programming
211,1530-1730,M/W,45,Winter,Teaching
225,1530-1730,T/Th,30,Spring,Hardware
290,1530-1730,W,10,Winter,Teaching
295,1315-1515,W,10,Autumn,Teaching
295,1315-1515,W,10,Winter,Teaching
295,1315-1515,W,10,Spring,Teaching
301,900-1120,M/W,30,Summer,Writing
310,2000-2200,M/W,45,Autumn,Cybersecurity
332,1315-1715,F,90,Autumn,Programming
332,1315-1715,F,90,Winter,Programming
332,1315-1715,F,90,Spring,Programming
337,1745-1945,M/W,45,Winter,Cybersecurity
341,1315-1515,T/Th,45,Autumn,Programming
350,1530-1730,T/Th,60,Autumn,Software Engineering
370,1745-1945,M/W,60,Autumn,Software Engineering
371,1745-1945,T/Th,45,Autumn,Teaching
371,1745-1945,T/Th,45,Spring,Teaching
383,1300-1500,F,45,Autumn,Databases
385,1530-1730,T/Th,45,Spring,Programming
411,1315-1515,M/W,45,Spring,Teaching
415,1530-1730,TTh,45,Spring,Cybersecurity
421,1745-1945,T/Th,20,Winter,Hardware
422,1530-1730,T/Th,45,Winter,Hardware
430,1145-1405,M/W,10,Summer,Operating Systems
430,1530-1730,M/W,60,Winter,Operating Systems
432,1745-1945,T/Th,45,Winter,Networking
432,1745-1945,T/Th,45,Spring,Networking
434,1530-1730,M/W,45,Spring,Programming
448,2000-2200,T/Th,45,Spring,Programming
451,1530-1730,T/Th,45,Winter,Graphics
455,1530-1730,T/Th,45,Autumn,Scientific Computing
457,1100-1300,M/W,45,Autumn,Programming
458,2000-2200,M/W,45,Spring,Scientific Computing
473,1745-1945,T/Th,45,Winter,Teaching
474,1745-1945,T/Th,45,Autumn,Software Engineering
475,1800-2020,M,60,Summer,Databases
475,1745-1945,M/W,45,Autumn,Databases
475,1315-1515,M/W,45,Winter,Databases
475,1530-1730,M/W,45,Spring,Databases
480,1745-1945,M/W,45,Spring,Software Engineering
490,1800-2020,M/W,45,Summer,Capstone
495,,,,Summer,Capstone
496,1745-1945,M/W,10,Spring,Capstone
497,,,,Summer,Capstone
497,,,,Autumn,Capstone
497,,,,Winter,Capstone
497,,,,Spring,Capstone
498,,,,Summer,Capstone
498,,,,Autumn,Capstone
498,,,,Winter,Capstone
498,,,,Spring,Capstone
499,,,,Summer,Capstone
499,,,,Autumn,Capstone
499,,,,Autumn,Capstone
499,,,,Winter,Capstone
499,,,,Winter,Capstone
499,,,,Spring,Capstone
499,,,,Spring,Capstone
514,2000-2200,W,30,Winter,Cybersecurity
515,2000-2200,T,30,Autumn,Cybersecurity
517,1745-1945,M/W,30,Autumn,Software Engineering
519,1745-1945,T/Th,30,Spring,Software Engineering
527,2000-2200,M/W,30,Autumn,Cybersecurity
533,1745-1945,T/TH,30,Autumn,Programming
537,2000-2200,T/Th,30,Winter,Cybersecurity
538,1745-1945,M/W,30,Winter,Cybersecurity
539,2000-2200,M/W,30,Spring,Cybersecurity
552,2000-2200,M/W,30,Winter,Graphics
553,1745-1945,M/W,30,Spring,Software Engineering
555,1745-1945,M/W,30,Winter,Software Engineering
565,1745-1945,T/TH,30,Winter,Software Engineering
566,2000-2200,M/W,30,Spring,Software Engineering
572,2000-2200,T/TH,30,Autumn,Software Engineering
577,1745-1945,T/Th,30,Winter,Software Engineering
578,2000-2200,T/Th,30,Spring,Cybersecurity
579,1745-1945,M/W,30,Autumn,Cybersecurity
590,1800-2020,T/Th,30,Summer,Capstone
590,,,,Autumn,Capstone
593,,,,Winter,Capstone
593,,,,Spring,Capstone
595,,,,Winter,Capstone
595,,,,Spring,Capstone
161,1100-1300,M/W,45,Autumn,Programming
161,1530-1730,M/W,45,Winter,Programming
161,1100-1300,M/W,45,Spring,Programming
161,1315-1515,M/W,45,Autumn,Programming
161,1100-1300,M/W,45,Winter,Programming
161,1530-1730,M/W,45,Spring,Programming
161,845-1045,M/W,45,Winter,Programming
161,2000-2200,M/W,45,Spring,Programming
161,1315-1515,T/Th,45,Autumn,Programming
161,1100-1300,T/Th,45,Winter,Programming
161,1315-1515,M/W,45,Spring,Programming
161,1745-1945,T/Th,45,Autumn,Programming
161,1745-1945,M/W,45,Winter,Programming
161,1745-1945,M/W,45,Spring,Programming
405,1615-1705,T,20,Autumn,Teaching
405,1530-1620,M,20,Winter,Teaching
405,1315-1405,Th,20,Spring,Teaching
301,1315-1515,T/Th,30,Winter,Writing
301,1315-1515,T/Th,30,Spring,Writing
301,1100-1300,T/TH,60,Autumn,Writing
301,1100-1300,T/TH,60,Autumn,Writing
301,1745-1945,T/Th,30,Autumn,Writing
301,1315-1515,T/Th,30,Winter,Writing
301,1530-1730,T/Th,30,Spring,Writing
301,1745-1945,T/Th,30,Autumn,Writing
301,845-1045,M/W,30,Winter,Writing
342,1745-1945,M/W,65,Autumn,Programming
342,1745-1945,M/W,45,Winter,Programming
342,1530-1730,M/W,45,Spring,Programming
342,2000-2200,M/W,65,Autumn,Programming
342,2000-2200,M/W,45,Winter,Programming
342,2000-2200,T/TH,45,Spring,Programming
343,1530-1730,M/W,60,Autumn,Programming
343,1530-1730,M/W,60,Winter,Programming
343,1530-1730,M/W,45,Spring,Programming
343,2000-2200,M/W,60,Winter,Programming
350,1530-1730,T/Th,60,Winter,Software Engineering
350,1745-1945,T/Th,45,Spring,Software Engineering
350,1315-1515,T/Th,60,Winter,Software Engineering
360,1315-1515,M/W,45,Autumn,Software Engineering
360,1530-1730,T/Th,45,Winter,Software Engineering
360,1745-1945,M/W,45,Spring,Software Engineering
360,1745-1945,T/Th,45,Autumn,Software Engineering
360,1745-1945,T/Th,45,Winter,Software Engineering
360,1530-1730,T/Th,45,Autumn,Software Engineering
370,1315-1515,M/W,60,Winter,Software Engineering
370,1530-1730,T/Th,45,Spring,Software Engineering
370,1745-1945,T/Th,60,Winter,Software Engineering
422,1530-1730,M/W,45,Autumn,Hardware
422,1745-1945,M/W,45,Spring,Hardware
422,1530-1730,T/Th,45,Autumn,Hardware
422,1315-1515,T/Th,45,Spring,Hardware
427,1745-1945,M/W,15,Winter,Computer Engineering
427,1430-1730,F,15,Winter,Computer Engineering
427,1745-1945,M/W,15,Winter,Computer Engineering
427,1430-1730,F,15,Winter,Computer Engineering
428,1745-1945,M/W,45,Spring,Computer Engineering
428,1430-1730,F,45,Spring,Hardware
430,1530-1730,M/W,45,Autumn,Operating Systems
430,2000-2200,M/W,45,Spring,Operating Systems
430,1315-1515,T/Th,45,Spring,Operating Systems
490,1315-1515,M/W,45,Spring,Capstone
490,1530-1730,M/W,45,Autumn,Capstone
490,1100-1300,T/TH,45,Winter,Capstone
490,2000-2200,M/W,20,Autumn,Capstone
490,1530-1730,M/W,45,Spring,Capstone
490,2000-2200,M/W,45,Winter,Capstone
490,2000-2200,T/Th,45,Autumn,Capstone
490,1745-1945,TTh,45,Autumn,Capstone
501,1800-1940,M/W,30,Autumn,Programming
501,1800-1940,T/TH,30,Autumn,Programming
502,1800-1940,M/W,30,Winter,Programming
502,1800-1940,T/TH,30,Winter,Programming
503,1800-1940,M/W,30,Spring,Programming
503,1800-1940,T/TH,30,Spring,Programming
506,2000-2200,M,30,Autumn,Software Engineering
506,2000-2200,T,30,Autumn,Software Engineering
507,2000-2200,M,30,Winter,Software Engineering
507,2000-2200,T,30,Winter,Software Engineering
508,2000-2200,M,30,Spring,Software Engineering
508,2000-2200,T,30,Spring,Software Engineering
590,1745-1945,T/TH,30,Spring,Capstone
590,1745-1945,T/TH,30,Autumn,Capstone
161,845-1045,T/Th,45,Autumn,Programming
161,845-1045,T/Th,45,Winter,Programming
161,845-1045,T/Th,45,Spring,Programming
161,1430-1700,T,30,Summer,Programming
161,845-1115,F,45,Autumn,Programming
161,845-1115,F,45,Winter,Programming
161,845-1115,F,45,Spring,Programming
161,1130-1400,F,45,Autumn,Programming
161,1130-1400,F,45,Winter,Programming
161,1130-1400,F,45,Spring,Programming
161,1130-1400,F,45,Winter,Programming
161,1745-2015,T,45,Spring,Programming
162,1800-2030,T,30,Summer,Programming
161,1430-1700,F,45,Autumn,Programming
161,1415-1645,F,45,Winter,Programming
161,1415-1645,F,45,Spring,Programming
161,1530-1800,T,45,Autumn,Programming
161,1745-2015,T,45,Winter,Programming
161,1745-2015,Th,45,Spring,Programming
509,2000-2200,Th,30,Autumn,Software Engineering
509,2000-2200,T,10,Winter,Software Engineering
509,2000-2200,T,10,Spring,Software Engineering
510,2000-2200,Th,10,Winter,Software Engineering
510,2000-2200,Th,10,Spring,Software Engineering
